source_row,split,mutation,sequence_length,feature_dimension,site_difference_l2,global_difference_l2
7,train,D1Q,47,3840,3.0701656341552734,0.344539612531662
1018,train,R47Q,47,3840,2.8748128414154053,0.513945460319519
33506,train,E17N,47,3840,3.5763297080993652,0.44444286823272705
47206,train,D30Y,48,3840,3.7690632343292236,0.4414268732070923
352564,train,G5S,69,3840,3.4808273315429688,0.19809997081756592
358081,train,S13T,59,3840,3.198585271835327,0.10530809313058853
404083,train,V37C,63,3840,3.4555482864379883,0.429940789937973
421366,train,E5Y,43,3840,3.722954034805298,0.46383246779441833
440070,train,L48T,54,3840,4.074273586273193,0.34169644117355347
456686,train,K20C,43,3840,3.30342698097229,0.4440712332725525
117372,validation,A1Q,70,3840,2.9722800254821777,0.31536242365837097
118879,validation,K70Q,70,3840,3.283928394317627,0.241726353764534
