split_group_id,split,cluster,retained_records,retained_proteins
cluster_group_02d20bbd7e39,train,55,1002,1
cluster_group_031b4af5197e,test,51,1325,1
cluster_group_043066daf210,validation,152,2334,2
cluster_group_0a5b046d07f6,test,146,1287,1
cluster_group_0e17daca5f3e,train,49,1025,1
cluster_group_0e6523810856,test,225,2684,2
cluster_group_0fd42b3f73c4,validation,109,1008,1
cluster_group_0fecf9247f3d,train,156,1640,2
cluster_group_108c995b953c,test,65,2087,2
cluster_group_1253e9373e78,train,105,11221,9
cluster_group_13671077b66a,validation,135,887,1
cluster_group_138d9e809e38,test,231,1047,1
cluster_group_19581e27de7c,train,9,3696,5
cluster_group_1a6562590ef1,validation,50,1306,1
cluster_group_1d28c120568c,train,147,1107,1
cluster_group_210e3b160c35,train,155,5915,7
cluster_group_2397346b4582,train,190,1304,1
cluster_group_2747b7c71856,validation,128,1121,1
cluster_group_2811745d7b8d,train,186,5016,4
cluster_group_284de502c984,validation,171,1025,1
cluster_group_2858dcd1057d,train,53,1346,1
cluster_group_2ac878b0e218,validation,117,1131,1
cluster_group_3038bfb575be,train,119,678,1
cluster_group_3068430da9e4,validation,179,1212,1
cluster_group_31489056e091,test,47,892,1
cluster_group_314f04b30f62,test,219,698,1
cluster_group_3346f2bbf6c3,validation,107,1238,1
cluster_group_35135aaa6cc2,train,29,1774,2
cluster_group_3549bcba9aba,train,EEHEE,22487,29
cluster_group_37834f2f2576,train,102,1212,1
cluster_group_3cbaeb57c640,train,hall,18094,19
cluster_group_3d3286f7cd19,train,163,1234,1
cluster_group_3e1e967e9b79,validation,59,1523,2
cluster_group_3f9807cb9ae9,test,164,5212,9
cluster_group_3fdba35f04dc,validation,13,1054,1
cluster_group_41e521adf8ae,test,174,1353,1
cluster_group_43974ed74066,train,201,1195,1
cluster_group_44c8031cb036,train,84,775,1
cluster_group_4523540f1504,test,17,1202,1
cluster_group_482d9673cfee,validation,106,1114,1
cluster_group_49d180ecf561,test,67,760,1
cluster_group_4a8596a7790b,test,173,1209,1
cluster_group_4b227777d4dd,train,4,16771,17
cluster_group_4e07408562be,train,3,8049,6
cluster_group_52f11620e397,train,184,1422,2
cluster_group_5316ca1c5ddc,test,81,1122,1
cluster_group_535fa30d7e25,test,23,5089,6
cluster_group_56f4da26ed95,train,223,1300,1
cluster_group_580811fa9526,validation,181,1155,1
cluster_group_5966abd0cbfc,validation,218,1530,2
cluster_group_59e19706d51d,validation,28,829,1
cluster_group_5a39cadd1b00,train,199,886,1
cluster_group_5ef6fdf32513,validation,104,1010,1
cluster_group_61a229bae1e9,test,185,834,1
cluster_group_6208ef0f7750,train,58,923,1
cluster_group_624b60c58c9d,test,30,3056,3
cluster_group_6566230e3a3c,test,129,1356,1
cluster_group_670671cd9740,train,27,1209,1
cluster_group_684fe39f0375,validation,193,649,1
cluster_group_6c658ee83fb7,train,113,702,1
cluster_group_6e4001871c0c,validation,93,3420,3
cluster_group_70260742c295,validation,191,4778,4
cluster_group_71ee45a3c0db,train,44,7008,6
cluster_group_734d0759cdb4,test,170,1674,2
cluster_group_7559ca4a957c,test,194,1056,1
cluster_group_7688b6ef5255,test,56,938,1
cluster_group_76a50887d8f1,test,36,1149,1
cluster_group_7902699be42c,validation,7,1238,1
cluster_group_7904c306aeb1,train,HEEH,11150,14
cluster_group_7b1a278f5abe,validation,96,1162,1
cluster_group_7f2253d7e228,train,71,8818,9
cluster_group_80c3cd40fa35,test,168,812,1
cluster_group_811786ad1ae7,test,45,1800,2
cluster_group_81b8a03f97e8,train,62,1074,1
cluster_group_8241649609f8,train,92,1152,1
cluster_group_835d5e831434,validation,232,1210,1
cluster_group_83f814f7a92e,test,209,707,1
cluster_group_84a5092e4a5b,validation,224,1844,2
cluster_group_86e501496586,train,34,1124,1
cluster_group_872261620421,test,72,965,1
cluster_group_8b940be7fb78,train,88,1118,1
cluster_group_8c1f1046219d,validation,99,636,1
cluster_group_8cc08990ce5f,train,EEHH,32730,37
cluster_group_8d27ba37c5d8,train,139,5932,5
cluster_group_8df66f64b574,train,208,751,1
cluster_group_8eceaa85cf45,train,EHEE,19219,28
cluster_group_8f1f64db81c4,train,226,2412,2
cluster_group_922c7954216c,validation,127,798,1
cluster_group_96061e92f58e,test,73,993,1
cluster_group_9ae2bdd7beed,train,150,1197,1
cluster_group_a0eaec5a55dc,train,230,1264,1
cluster_group_a4e00d7e6aa8,validation,198,1081,1
cluster_group_a665a4592042,test,123,564,1
cluster_group_ad48ff99415b,validation,95,1287,1
cluster_group_ad5736686512,test,100,1121,1
cluster_group_aea92132c4cb,validation,38,2207,2
cluster_group_b1556dea32e9,test,112,997,1
cluster_group_b17ef6d19c7a,validation,16,3565,3
cluster_group_b4bbe448fde3,validation,196,954,1
cluster_group_bdd2d3af3a5a,test,87,1215,1
cluster_group_be47addbcb8f,test,145,3911,5
cluster_group_c17edaae86e4,test,202,1195,1
cluster_group_c2356069e9d1,train,24,1019,1
cluster_group_c75cb66ae28d,train,69,985,1
cluster_group_c75de23d89df,validation,157,763,1
cluster_group_c837649cce43,test,57,1304,1
cluster_group_cd70bea023f7,train,89,1067,1
cluster_group_d29d53701d3c,validation,210,1208,1
cluster_group_d48ff4b2f68a,train,213,904,1
cluster_group_d4ee9f58e586,test,142,1237,1
cluster_group_d59eced1ded0,train,40,975,1
cluster_group_d6d824abba4a,test,97,1245,2
cluster_group_d6f0c71ef0c8,validation,143,1329,1
cluster_group_d86580a57f7b,test,215,1040,1
cluster_group_dbb1ded63bc7,validation,132,985,1
cluster_group_dc2859b7d4ae,train,HHH,15014,19
cluster_group_dfe62e836a0a,test,227,1010,1
cluster_group_e0f05da93a0f,validation,166,723,1
cluster_group_e29c9c180c62,validation,32,1060,1
cluster_group_e3d6c4d4599e,validation,94,1301,1
cluster_group_e629fa6598d7,train,15,36975,35
cluster_group_eb3be230bbd2,validation,192,5720,5
cluster_group_ec2e990b934d,test,148,1093,1
cluster_group_eeca91fd439b,validation,131,968,1
cluster_group_ef2d127de37b,test,5,1094,1
cluster_group_f369cb89fc62,train,75,635,1
cluster_group_f57e5cb1f453,train,169,3263,5
cluster_group_f5ca38f748a1,train,20,2291,2
cluster_group_f74efabef12e,train,76,1045,1
cluster_group_f8809aff4d69,train,205,1267,1
